question_text,option_a,option_b,option_c,correct_answer,level,score,image_path
Arkadaşı Aykut'un ne yapmasından şikayetçidir?,Uç yemesinden,Konuşmasından,Sakız çiğnemesinden,Uç yemesinden,2,20,images/aykut_uc.jpeg
"""Yoğğ yav"" repliği kime aittir?",Halişko,Halişko'nun babası,Halişko'nun Kuzeni,Halişko'nun Babası,3,30,
Halişko'nun favori yemeği nedir?,Patates,Sucuk,Tavuk,Patates,3,30,
Görseldeki öğrenci nereye gitmektedir?,Pikniğe,Okula,Sinemaya,Pikniğe,4,40,images/piknik.jpeg
Görseldeki kadın ustalara ne pişirmektedir?,Menemen,Kuru Fasulye,Lahmacun,Menemen,5,50,images/menemen.jpeg
Türkçe Hocası Aker Kartal'a göre kişi zamirinin kökü ne değildir?,Kiş,Kişneme,Kişne,Kiş,3,30,images/aker.jpeg
Görseldeki adam ne ile ünlüdür?,Gücüyle,Konuşmasıyla,Gülümseyişiyle,Gücüyle,1,10,images/mahir.jpeg
Mükremin genelde kime yemek götürüyor?,Kayınvalidesine,Kayınbabasına,Kayınçosuna,Kayınbabasına,2,20,
Düşman çatlatan terlik nerede satılmaktadır?,Edanur Butik,Elif Butik,Ela Butik,Edanur Butik,5,50,
Acun Ilıcalı bu görselde ne diyor?,HAYY MAŞALLAH,OHHH MAZALLAH,OHA,HAYY MAŞALLAH,2,20,images/acun.jpg
Seda Sayan ne kadındır?,Çorap,Tayt,Eldiven,Çorap,1,10,
Manifest'in yaşı en büyük üyesi kimdir?,Hilal,Mina,Lidya,Mina,2,20,
Manifest'in yaş en küçük üyesi kimdir?,Sueda,Zeynep,Esin,Sueda,2,20,
Manifest'te ilk gruba giren üyesi kimdir?,Hilal,Lidya,Sueda,Sueda,4,40,
Manifest'in en son gruba giren üyesi kimdir?,Esin,Zeynep,Mina,Esin,4,40,
Hangisi bir boyband'dir?,Perma,Röfle,Balyaj,Perma,3,30,
Ezgi Gülç arkadaşının hangi organını patlatmıştır?,Böbrek,Apandisit,Safra kesesi,Böbrek,3,30,
"Halil değil mi o?" Repliği kime aittir?",Tankut Denker,Emre Ubeyli,Eser West,Emre Ubeyli,5,50,
Görselde ter ile problemi olan yarışmacı hangi programdadır?,Kısmetse Olur,Big Boss,Aşk Adası,Kısmetse Olur,4,40,images/sercan.jpg
Görselde adamın karşı taraftan talebi nedir?,Ona sigara alması,Ona peçete getirmesi,Arabayı getirmesi,Ona sigara alması,1,10,images/touch.jpeg
"Makarayız abi...." repliği hangi ai görseline aittir?",Hamam böceği,Muz ve çilek,Ananas ve elma,Hamam böceği,1,10,
Hangi meyveler birbirini aldatmıştır?,Kivi ve Ananas,Üzüm ve Çilek,Muz ve Çilek,Muz ve Çilek,4,40,
Görseli görünce akla gelen ilk replik nedir?,Sen muskayla mı böylesin? Tutmamış,Keşke evlenmeseydik,Elimi tut. Tuttum,Sen muskayla mı böylesin? Tutmamış,2,20,images/muska.jpeg
Görseldeki kızın okuduğunu zannettiği kitap nedir?,Reşat Nuri'den Güntekin kitabı,Sait Faik'ten Abasıyanık kitabı,Hüseyin Nihal'den Atsız kitabı,Sait Faik'ten Abasıyanık kitabı,3,30,images/sait.webp
Aker Kartal burada hangi türkçe konusunu anlatmaktadır?,Ünlü düşmesi,Ekler,Kaynaştırma harfleri,Kaynaştırma harfleri,3,30,images/kaynastırma.jpeg
Görseldeki kadın kimden 100 150 200 250 euro para almaktadır?,Gülerman,Gülfidan,Güleser,Gülerman,1,10,images/gülerman.jpeg
Görsele göre kimin doğum günüdür?,Muzaffer,Abuzer,Sıbgatullah,Muzaffer,1,10,images/muzaffer.jpeg
"Sen nesin biliyor musun...",Cırrık kuşusun,Yaban atısın,Ala geyiksin,Cırrık kuşusun,1,10,images/cırrık.jpeg
"Ay nolur peşimden koş Emre" sözü kime aittir?",Melis Buse Betkayın,Cansel Çördük,Ayçaliçe,Melis Buse Betkayan,3,30,images/emre.webp
Kemal Doğulu bu ayakkabıyla ne yapmıştır?,Numara çekmiştir,Şekil yapmıştır,Şov yapmıştır,Numara çekmiştir,5,50,images/kemal.jpeg
Görseldeki çocuk kimdir?,Sinirli Fırat,Allahsız Buğra,Cin Kemal,Allahsız Buğra,5,50,images/ay.jpg
"Arkadaşlar canım deli gibi.... çekti if you know you know the best",İsviçre havalimanındaki McDonalds,Paris havalimanındaki McDonalds,İsveç havalimanındaki McDonalds,İsviçre havalimanındaki McDonalds,5,50,
Görseli görünce duyulan ses nedir?,Gel buraya kırmızı şortli,Ne memuru alkol bey, Salak salak konuşma be,Gel buraya kırmızı şortli,5,50,images/kırmızı.jpeg
İlk buluşmada yemeği kim öder?,Kadın,Erkek,Blok3,Blok3,1,10,
Blok3'e göre perde hangi renktir?,Mosmor,Simsiyah,Pespembe,Mosmor,3,30,
Manifest'in sızdırlan türkçe şarkısının ismi nedir?,Fan,Maşallah,Naz,Fan,2,20,
Tilki’yi kurtarmak için sökülen peluş hayvan nedir?,Kurbağa,Sincap,Dinozor,Dinozor,5,50,
Görseldeki şahsın T.C. kimlik numarasının sonu nedir?,2052,6071,4380,4380,4,40,images/dayı.jpeg
Görseldeki şahıs "Sen biraz rahat mısın?" sorusuna ne yanıt vermiştir?,Çok rahatım,Koltuk kadar değil, Hanımefendi kadar değil,Koltuk kadar değil,4,40,images/koltuk.jpeg
Zuhal Topal burada hangi şarkıyı söylemektedir?, Apdulkadir, Sıddık, İbrahim, Apdulkadir, 3,30,images/zuhal.jpeg
Görseldeki kişinin neyle alakalı sıkıntısı yoktur?, Güvenlik, Güzellik, Gündelik, Güvenlik,1,10,images/güvenlik.jpeg
Nazif neyi kaçırmıştır?,ÖSS,YKS,SBS,ÖSS,2,20,images/öss.jpeg
Görseli görünce duyulan ses nedir?,Gene başladı gene başladı gene başladı, Olmuyor olmuyor,Tutmamış tutmuyor,Gene başladı gene başladı gene başladı,4,40,images/a.jpeg
Görseli görünce duyulan ses nedir?,Anne,Baba,Abi,Anne,1,10,images/download.jpg
Sinan Engin'nin burada söylediği ünlü repliklerinden biri hangisidir?, Ne tarafa dönersen dön popon arkanda kalır, Hemen engellendin koçum, Senden daha yakışıklıyımdır, Hemen engellendin koçum,5,50,images/images.jpg
Görseldeki tavuğun adı nedir?, Walson, Wilson, Wally, Wilson,3,30,images/wilson.webp
Şarkıları sürekli yanlış söyleyen adamın adı nedir?, Ferdi Kandıralı, Murat Yağcı, Fırat Yağcı, Ferdi Kandıralı,1,10,
Görseldeki kişinin adı nedir?,Cafer, Cevat, Cemil,Cafer,1,10,images/images-1.jpg
Görseli görünce duyulan ses nedir?, Sen şimdi naneyi yemedin mi?, Bedelini ödiceksin kanka, Köylünün dostu kemal, Sen şimdi naneyi yemedin mi?,2,20,images/images-2.jpg
Görseldeki teyze günde kaç litre su içmektedir?,10,15,25,25,5,50,images/images-3.jpg
Görseldeki kız ne söylemektedir?,Bedelini ödiceksin kanka, Senden ötürü mü benden ötürü mü, Mis gibi mis gibi kızartma kokuyor, Bedelini ödiceksin kanka,2,20,images/images-4.jpg
Görseldeki kişi kimdir?, Uğur Dündar, Fatih Portakal, Mehmet Ali Birand,Uğur Dündar,3,30,images/images.jpeg